rsid	go_id	Biological Molecular Function
rs1538171	GO:0030170	pyridoxal phosphate binding
rs1538171	GO:0003824	catalytic activity
rs1538171	GO:0003870	5-aminolevulinate synthase activity
rs1538171	GO:0009058	
rs1538171	GO:0033014	
rs1538171	GO:0044249	
rs1538171	GO:0016887	ATP hydrolysis activity
rs1538171	GO:0005524	ATP binding
rs1538171	GO:0055085	
rs1538171	GO:0016020	
rs1538171	GO:0140359	ABC-type transporter activity
rs1538171	GO:0000166	nucleotide binding
rs1538171	GO:0005524	ATP binding
rs1538171	GO:0016020	
rs1538171	GO:0005524	ATP binding
rs1538171	GO:0055085	
rs1538171	GO:0016020	
rs1538171	GO:0140359	ABC-type transporter activity
rs1538171	GO:0000166	nucleotide binding
rs1538171	GO:0005524	ATP binding
rs1538171	GO:0016020	
rs1538171	GO:0004066	asparagine synthase (glutamine-hydrolyzing) activity
rs1538171	GO:0006529	
rs1538171	GO:0000166	nucleotide binding
rs1538171	GO:0005524	ATP binding
rs4320356	GO:0030170	pyridoxal phosphate binding
rs4320356	GO:0003824	catalytic activity
rs4320356	GO:0003870	5-aminolevulinate synthase activity
rs4320356	GO:0009058	
rs4320356	GO:0033014	
rs4320356	GO:0044249	
rs4320356	GO:0016887	ATP hydrolysis activity
rs4320356	GO:0005524	ATP binding
rs4320356	GO:0055085	
rs4320356	GO:0016020	
rs4320356	GO:0140359	ABC-type transporter activity
rs4320356	GO:0000166	nucleotide binding
rs4320356	GO:0005524	ATP binding
rs4320356	GO:0016020	
rs4320356	GO:0005524	ATP binding
rs4320356	GO:0055085	
rs4320356	GO:0016020	
rs4320356	GO:0140359	ABC-type transporter activity
rs4320356	GO:0000166	nucleotide binding
rs4320356	GO:0005524	ATP binding
rs4320356	GO:0016020	
rs4320356	GO:0004066	asparagine synthase (glutamine-hydrolyzing) activity
rs4320356	GO:0006529	
rs4320356	GO:0000166	nucleotide binding
rs4320356	GO:0005524	ATP binding
rs1770	GO:0030170	pyridoxal phosphate binding
rs1770	GO:0003824	catalytic activity
rs1770	GO:0003870	5-aminolevulinate synthase activity
rs1770	GO:0009058	
rs1770	GO:0033014	
rs1770	GO:0044249	
rs1770	GO:0016887	ATP hydrolysis activity
rs1770	GO:0005524	ATP binding
rs1770	GO:0055085	
rs1770	GO:0016020	
rs1770	GO:0140359	ABC-type transporter activity
rs1770	GO:0000166	nucleotide binding
rs1770	GO:0005524	ATP binding
rs1770	GO:0016020	
rs1770	GO:0005524	ATP binding
rs1770	GO:0055085	
rs1770	GO:0016020	
rs1770	GO:0140359	ABC-type transporter activity
rs1770	GO:0000166	nucleotide binding
rs1770	GO:0005524	ATP binding
rs1770	GO:0016020	
rs1770	GO:0004066	asparagine synthase (glutamine-hydrolyzing) activity
rs1770	GO:0006529	
rs1770	GO:0000166	nucleotide binding
rs1770	GO:0005524	ATP binding
rs2647044	GO:0030170	pyridoxal phosphate binding
rs2647044	GO:0003824	catalytic activity
rs2647044	GO:0003870	5-aminolevulinate synthase activity
rs2647044	GO:0009058	
rs2647044	GO:0033014	
rs2647044	GO:0044249	
rs2647044	GO:0016887	ATP hydrolysis activity
rs2647044	GO:0005524	ATP binding
rs2647044	GO:0055085	
rs2647044	GO:0016020	
rs2647044	GO:0140359	ABC-type transporter activity
rs2647044	GO:0000166	nucleotide binding
rs2647044	GO:0005524	ATP binding
rs2647044	GO:0016020	
rs2647044	GO:0005524	ATP binding
rs2647044	GO:0055085	
rs2647044	GO:0016020	
rs2647044	GO:0140359	ABC-type transporter activity
rs2647044	GO:0000166	nucleotide binding
rs2647044	GO:0005524	ATP binding
rs2647044	GO:0016020	
rs2647044	GO:0004066	asparagine synthase (glutamine-hydrolyzing) activity
rs2647044	GO:0006529	
rs2647044	GO:0000166	nucleotide binding
rs2647044	GO:0005524	ATP binding
rs11755527	GO:0030170	pyridoxal phosphate binding
rs11755527	GO:0003824	catalytic activity
rs11755527	GO:0003870	5-aminolevulinate synthase activity
rs11755527	GO:0009058	
rs11755527	GO:0033014	
rs11755527	GO:0044249	
rs11755527	GO:0016887	ATP hydrolysis activity
rs11755527	GO:0005524	ATP binding
rs11755527	GO:0055085	
rs11755527	GO:0016020	
rs11755527	GO:0140359	ABC-type transporter activity
rs11755527	GO:0000166	nucleotide binding
rs11755527	GO:0005524	ATP binding
rs11755527	GO:0016020	
rs11755527	GO:0005524	ATP binding
rs11755527	GO:0055085	
rs11755527	GO:0016020	
rs11755527	GO:0140359	ABC-type transporter activity
rs11755527	GO:0000166	nucleotide binding
rs11755527	GO:0005524	ATP binding
rs11755527	GO:0016020	
rs11755527	GO:0004066	asparagine synthase (glutamine-hydrolyzing) activity
rs11755527	GO:0006529	
rs11755527	GO:0000166	nucleotide binding
rs11755527	GO:0005524	ATP binding
rs9388489	GO:0030170	pyridoxal phosphate binding
rs9388489	GO:0003824	catalytic activity
rs9388489	GO:0003870	5-aminolevulinate synthase activity
rs9388489	GO:0009058	
rs9388489	GO:0033014	
rs9388489	GO:0044249	
rs9388489	GO:0016887	ATP hydrolysis activity
rs9388489	GO:0005524	ATP binding
rs9388489	GO:0055085	
rs9388489	GO:0016020	
rs9388489	GO:0140359	ABC-type transporter activity
rs9388489	GO:0000166	nucleotide binding
rs9388489	GO:0005524	ATP binding
rs9388489	GO:0016020	
rs9388489	GO:0005524	ATP binding
rs9388489	GO:0055085	
rs9388489	GO:0016020	
rs9388489	GO:0140359	ABC-type transporter activity
rs9388489	GO:0000166	nucleotide binding
rs9388489	GO:0005524	ATP binding
rs9388489	GO:0016020	
rs9388489	GO:0004066	asparagine synthase (glutamine-hydrolyzing) activity
rs9388489	GO:0006529	
rs9388489	GO:0000166	nucleotide binding
rs9388489	GO:0005524	ATP binding
rs9268645	GO:0030170	pyridoxal phosphate binding
rs9268645	GO:0003824	catalytic activity
rs9268645	GO:0003870	5-aminolevulinate synthase activity
rs9268645	GO:0009058	
rs9268645	GO:0033014	
rs9268645	GO:0044249	
rs9268645	GO:0016887	ATP hydrolysis activity
rs9268645	GO:0005524	ATP binding
rs9268645	GO:0055085	
rs9268645	GO:0016020	
rs9268645	GO:0140359	ABC-type transporter activity
rs9268645	GO:0000166	nucleotide binding
rs9268645	GO:0005524	ATP binding
rs9268645	GO:0016020	
rs9268645	GO:0005524	ATP binding
rs9268645	GO:0055085	
rs9268645	GO:0016020	
rs9268645	GO:0140359	ABC-type transporter activity
rs9268645	GO:0000166	nucleotide binding
rs9268645	GO:0005524	ATP binding
rs9268645	GO:0016020	
rs9268645	GO:0004066	asparagine synthase (glutamine-hydrolyzing) activity
rs9268645	GO:0006529	
rs9268645	GO:0000166	nucleotide binding
rs9268645	GO:0005524	ATP binding
rs9272346	GO:0030170	pyridoxal phosphate binding
rs9272346	GO:0003824	catalytic activity
rs9272346	GO:0003870	5-aminolevulinate synthase activity
rs9272346	GO:0009058	
rs9272346	GO:0033014	
rs9272346	GO:0044249	
rs9272346	GO:0016887	ATP hydrolysis activity
rs9272346	GO:0005524	ATP binding
rs9272346	GO:0055085	
rs9272346	GO:0016020	
rs9272346	GO:0140359	ABC-type transporter activity
rs9272346	GO:0000166	nucleotide binding
rs9272346	GO:0005524	ATP binding
rs9272346	GO:0016020	
rs9272346	GO:0005524	ATP binding
rs9272346	GO:0055085	
rs9272346	GO:0016020	
rs9272346	GO:0140359	ABC-type transporter activity
rs9272346	GO:0000166	nucleotide binding
rs9272346	GO:0005524	ATP binding
rs9272346	GO:0016020	
rs9272346	GO:0004066	asparagine synthase (glutamine-hydrolyzing) activity
rs9272346	GO:0006529	
rs9272346	GO:0000166	nucleotide binding
rs9272346	GO:0005524	ATP binding
rs3757247	GO:0030170	pyridoxal phosphate binding
rs3757247	GO:0003824	catalytic activity
rs3757247	GO:0003870	5-aminolevulinate synthase activity
rs3757247	GO:0009058	
rs3757247	GO:0033014	
rs3757247	GO:0044249	
rs3757247	GO:0016887	ATP hydrolysis activity
rs3757247	GO:0005524	ATP binding
rs3757247	GO:0055085	
rs3757247	GO:0016020	
rs3757247	GO:0140359	ABC-type transporter activity
rs3757247	GO:0000166	nucleotide binding
rs3757247	GO:0005524	ATP binding
rs3757247	GO:0016020	
rs3757247	GO:0005524	ATP binding
rs3757247	GO:0055085	
rs3757247	GO:0016020	
rs3757247	GO:0140359	ABC-type transporter activity
rs3757247	GO:0000166	nucleotide binding
rs3757247	GO:0005524	ATP binding
rs3757247	GO:0016020	
rs3757247	GO:0004066	asparagine synthase (glutamine-hydrolyzing) activity
rs3757247	GO:0006529	
rs3757247	GO:0000166	nucleotide binding
rs3757247	GO:0005524	ATP binding
rs924043	GO:0030170	pyridoxal phosphate binding
rs924043	GO:0003824	catalytic activity
rs924043	GO:0003870	5-aminolevulinate synthase activity
rs924043	GO:0009058	
rs924043	GO:0033014	
rs924043	GO:0044249	
rs924043	GO:0016887	ATP hydrolysis activity
rs924043	GO:0005524	ATP binding
rs924043	GO:0055085	
rs924043	GO:0016020	
rs924043	GO:0140359	ABC-type transporter activity
rs924043	GO:0000166	nucleotide binding
rs924043	GO:0005524	ATP binding
rs924043	GO:0016020	
rs924043	GO:0005524	ATP binding
rs924043	GO:0055085	
rs924043	GO:0016020	
rs924043	GO:0140359	ABC-type transporter activity
rs924043	GO:0000166	nucleotide binding
rs924043	GO:0005524	ATP binding
rs924043	GO:0016020	
rs924043	GO:0004066	asparagine synthase (glutamine-hydrolyzing) activity
rs924043	GO:0006529	
rs924043	GO:0000166	nucleotide binding
rs924043	GO:0005524	ATP binding
rs1050979	GO:0030170	pyridoxal phosphate binding
rs1050979	GO:0003824	catalytic activity
rs1050979	GO:0003870	5-aminolevulinate synthase activity
rs1050979	GO:0009058	
rs1050979	GO:0033014	
rs1050979	GO:0044249	
rs1050979	GO:0016887	ATP hydrolysis activity
rs1050979	GO:0005524	ATP binding
rs1050979	GO:0055085	
rs1050979	GO:0016020	
rs1050979	GO:0140359	ABC-type transporter activity
rs1050979	GO:0000166	nucleotide binding
rs1050979	GO:0005524	ATP binding
rs1050979	GO:0016020	
rs1050979	GO:0005524	ATP binding
rs1050979	GO:0055085	
rs1050979	GO:0016020	
rs1050979	GO:0140359	ABC-type transporter activity
rs1050979	GO:0000166	nucleotide binding
rs1050979	GO:0005524	ATP binding
rs1050979	GO:0016020	
rs1050979	GO:0004066	asparagine synthase (glutamine-hydrolyzing) activity
rs1050979	GO:0006529	
rs1050979	GO:0000166	nucleotide binding
rs1050979	GO:0005524	ATP binding
rs9405661	GO:0030170	pyridoxal phosphate binding
rs9405661	GO:0003824	catalytic activity
rs9405661	GO:0003870	5-aminolevulinate synthase activity
rs9405661	GO:0009058	
rs9405661	GO:0033014	
rs9405661	GO:0044249	
rs9405661	GO:0016887	ATP hydrolysis activity
rs9405661	GO:0005524	ATP binding
rs9405661	GO:0055085	
rs9405661	GO:0016020	
rs9405661	GO:0140359	ABC-type transporter activity
rs9405661	GO:0000166	nucleotide binding
rs9405661	GO:0005524	ATP binding
rs9405661	GO:0016020	
rs9405661	GO:0005524	ATP binding
rs9405661	GO:0055085	
rs9405661	GO:0016020	
rs9405661	GO:0140359	ABC-type transporter activity
rs9405661	GO:0000166	nucleotide binding
rs9405661	GO:0005524	ATP binding
rs9405661	GO:0016020	
rs9405661	GO:0004066	asparagine synthase (glutamine-hydrolyzing) activity
rs9405661	GO:0006529	
rs9405661	GO:0000166	nucleotide binding
rs9405661	GO:0005524	ATP binding
rs12665429	GO:0030170	pyridoxal phosphate binding
rs12665429	GO:0003824	catalytic activity
rs12665429	GO:0003870	5-aminolevulinate synthase activity
rs12665429	GO:0009058	
rs12665429	GO:0033014	
rs12665429	GO:0044249	
rs12665429	GO:0016887	ATP hydrolysis activity
rs12665429	GO:0005524	ATP binding
rs12665429	GO:0055085	
rs12665429	GO:0016020	
rs12665429	GO:0140359	ABC-type transporter activity
rs12665429	GO:0000166	nucleotide binding
rs12665429	GO:0005524	ATP binding
rs12665429	GO:0016020	
rs12665429	GO:0005524	ATP binding
rs12665429	GO:0055085	
rs12665429	GO:0016020	
rs12665429	GO:0140359	ABC-type transporter activity
rs12665429	GO:0000166	nucleotide binding
rs12665429	GO:0005524	ATP binding
rs12665429	GO:0016020	
rs12665429	GO:0004066	asparagine synthase (glutamine-hydrolyzing) activity
rs12665429	GO:0006529	
rs12665429	GO:0000166	nucleotide binding
rs12665429	GO:0005524	ATP binding
rs212408	GO:0030170	pyridoxal phosphate binding
rs212408	GO:0003824	catalytic activity
rs212408	GO:0003870	5-aminolevulinate synthase activity
rs212408	GO:0009058	
rs212408	GO:0033014	
rs212408	GO:0044249	
rs212408	GO:0016887	ATP hydrolysis activity
rs212408	GO:0005524	ATP binding
rs212408	GO:0055085	
rs212408	GO:0016020	
rs212408	GO:0140359	ABC-type transporter activity
rs212408	GO:0000166	nucleotide binding
rs212408	GO:0005524	ATP binding
rs212408	GO:0016020	
rs212408	GO:0005524	ATP binding
rs212408	GO:0055085	
rs212408	GO:0016020	
rs212408	GO:0140359	ABC-type transporter activity
rs212408	GO:0000166	nucleotide binding
rs212408	GO:0005524	ATP binding
rs212408	GO:0016020	
rs212408	GO:0004066	asparagine synthase (glutamine-hydrolyzing) activity
rs212408	GO:0006529	
rs212408	GO:0000166	nucleotide binding
rs212408	GO:0005524	ATP binding
rs72928038	GO:0030170	pyridoxal phosphate binding
rs72928038	GO:0003824	catalytic activity
rs72928038	GO:0003870	5-aminolevulinate synthase activity
rs72928038	GO:0009058	
rs72928038	GO:0033014	
rs72928038	GO:0044249	
rs72928038	GO:0016887	ATP hydrolysis activity
rs72928038	GO:0005524	ATP binding
rs72928038	GO:0055085	
rs72928038	GO:0016020	
rs72928038	GO:0140359	ABC-type transporter activity
rs72928038	GO:0000166	nucleotide binding
rs72928038	GO:0005524	ATP binding
rs72928038	GO:0016020	
rs72928038	GO:0005524	ATP binding
rs72928038	GO:0055085	
rs72928038	GO:0016020	
rs72928038	GO:0140359	ABC-type transporter activity
rs72928038	GO:0000166	nucleotide binding
rs72928038	GO:0005524	ATP binding
rs72928038	GO:0016020	
rs72928038	GO:0004066	asparagine synthase (glutamine-hydrolyzing) activity
rs72928038	GO:0006529	
rs72928038	GO:0000166	nucleotide binding
rs72928038	GO:0005524	ATP binding
rs2045258	GO:0030170	pyridoxal phosphate binding
rs2045258	GO:0003824	catalytic activity
rs2045258	GO:0003870	5-aminolevulinate synthase activity
rs2045258	GO:0009058	
rs2045258	GO:0033014	
rs2045258	GO:0044249	
rs2045258	GO:0016887	ATP hydrolysis activity
rs2045258	GO:0005524	ATP binding
rs2045258	GO:0055085	
rs2045258	GO:0016020	
rs2045258	GO:0140359	ABC-type transporter activity
rs2045258	GO:0000166	nucleotide binding
rs2045258	GO:0005524	ATP binding
rs2045258	GO:0016020	
rs2045258	GO:0005524	ATP binding
rs2045258	GO:0055085	
rs2045258	GO:0016020	
rs2045258	GO:0140359	ABC-type transporter activity
rs2045258	GO:0000166	nucleotide binding
rs2045258	GO:0005524	ATP binding
rs2045258	GO:0016020	
rs2045258	GO:0004066	asparagine synthase (glutamine-hydrolyzing) activity
rs2045258	GO:0006529	
rs2045258	GO:0000166	nucleotide binding
rs2045258	GO:0005524	ATP binding
rs9273363	GO:0030170	pyridoxal phosphate binding
rs9273363	GO:0003824	catalytic activity
rs9273363	GO:0003870	5-aminolevulinate synthase activity
rs9273363	GO:0009058	
rs9273363	GO:0033014	
rs9273363	GO:0044249	
rs9273363	GO:0016887	ATP hydrolysis activity
rs9273363	GO:0005524	ATP binding
rs9273363	GO:0055085	
rs9273363	GO:0016020	
rs9273363	GO:0140359	ABC-type transporter activity
rs9273363	GO:0000166	nucleotide binding
rs9273363	GO:0005524	ATP binding
rs9273363	GO:0016020	
rs9273363	GO:0005524	ATP binding
rs9273363	GO:0055085	
rs9273363	GO:0016020	
rs9273363	GO:0140359	ABC-type transporter activity
rs9273363	GO:0000166	nucleotide binding
rs9273363	GO:0005524	ATP binding
rs9273363	GO:0016020	
rs9273363	GO:0004066	asparagine synthase (glutamine-hydrolyzing) activity
rs9273363	GO:0006529	
rs9273363	GO:0000166	nucleotide binding
rs9273363	GO:0005524	ATP binding
rs1578060	GO:0030170	pyridoxal phosphate binding
rs1578060	GO:0003824	catalytic activity
rs1578060	GO:0003870	5-aminolevulinate synthase activity
rs1578060	GO:0009058	
rs1578060	GO:0033014	
rs1578060	GO:0044249	
rs1578060	GO:0016887	ATP hydrolysis activity
rs1578060	GO:0005524	ATP binding
rs1578060	GO:0055085	
rs1578060	GO:0016020	
rs1578060	GO:0140359	ABC-type transporter activity
rs1578060	GO:0000166	nucleotide binding
rs1578060	GO:0005524	ATP binding
rs1578060	GO:0016020	
rs1578060	GO:0005524	ATP binding
rs1578060	GO:0055085	
rs1578060	GO:0016020	
rs1578060	GO:0140359	ABC-type transporter activity
rs1578060	GO:0000166	nucleotide binding
rs1578060	GO:0005524	ATP binding
rs1578060	GO:0016020	
rs1578060	GO:0004066	asparagine synthase (glutamine-hydrolyzing) activity
rs1578060	GO:0006529	
rs1578060	GO:0000166	nucleotide binding
rs1578060	GO:0005524	ATP binding
rs138748427	GO:0030170	pyridoxal phosphate binding
rs138748427	GO:0003824	catalytic activity
rs138748427	GO:0003870	5-aminolevulinate synthase activity
rs138748427	GO:0009058	
rs138748427	GO:0033014	
rs138748427	GO:0044249	
rs138748427	GO:0016887	ATP hydrolysis activity
rs138748427	GO:0005524	ATP binding
rs138748427	GO:0055085	
rs138748427	GO:0016020	
rs138748427	GO:0140359	ABC-type transporter activity
rs138748427	GO:0000166	nucleotide binding
rs138748427	GO:0005524	ATP binding
rs138748427	GO:0016020	
rs138748427	GO:0005524	ATP binding
rs138748427	GO:0055085	
rs138748427	GO:0016020	
rs138748427	GO:0140359	ABC-type transporter activity
rs138748427	GO:0000166	nucleotide binding
rs138748427	GO:0005524	ATP binding
rs138748427	GO:0016020	
rs138748427	GO:0004066	asparagine synthase (glutamine-hydrolyzing) activity
rs138748427	GO:0006529	
rs138748427	GO:0000166	nucleotide binding
rs138748427	GO:0005524	ATP binding
rs9273367	GO:0030170	pyridoxal phosphate binding
rs9273367	GO:0003824	catalytic activity
rs9273367	GO:0003870	5-aminolevulinate synthase activity
rs9273367	GO:0009058	
rs9273367	GO:0033014	
rs9273367	GO:0044249	
rs9273367	GO:0016887	ATP hydrolysis activity
rs9273367	GO:0005524	ATP binding
rs9273367	GO:0055085	
rs9273367	GO:0016020	
rs9273367	GO:0140359	ABC-type transporter activity
rs9273367	GO:0000166	nucleotide binding
rs9273367	GO:0005524	ATP binding
rs9273367	GO:0016020	
rs9273367	GO:0005524	ATP binding
rs9273367	GO:0055085	
rs9273367	GO:0016020	
rs9273367	GO:0140359	ABC-type transporter activity
rs9273367	GO:0000166	nucleotide binding
rs9273367	GO:0005524	ATP binding
rs9273367	GO:0016020	
rs9273367	GO:0004066	asparagine synthase (glutamine-hydrolyzing) activity
rs9273367	GO:0006529	
rs9273367	GO:0000166	nucleotide binding
rs9273367	GO:0005524	ATP binding
rs17711850	GO:0030170	pyridoxal phosphate binding
rs17711850	GO:0003824	catalytic activity
rs17711850	GO:0003870	5-aminolevulinate synthase activity
rs17711850	GO:0009058	
rs17711850	GO:0033014	
rs17711850	GO:0044249	
rs17711850	GO:0016887	ATP hydrolysis activity
rs17711850	GO:0005524	ATP binding
rs17711850	GO:0055085	
rs17711850	GO:0016020	
rs17711850	GO:0140359	ABC-type transporter activity
rs17711850	GO:0000166	nucleotide binding
rs17711850	GO:0005524	ATP binding
rs17711850	GO:0016020	
rs17711850	GO:0005524	ATP binding
rs17711850	GO:0055085	
rs17711850	GO:0016020	
rs17711850	GO:0140359	ABC-type transporter activity
rs17711850	GO:0000166	nucleotide binding
rs17711850	GO:0005524	ATP binding
rs17711850	GO:0016020	
rs17711850	GO:0004066	asparagine synthase (glutamine-hydrolyzing) activity
rs17711850	GO:0006529	
rs17711850	GO:0000166	nucleotide binding
rs17711850	GO:0005524	ATP binding
